message,count,symbols,fixed_attribute_values
"(1, 1, 1, 0)",6,"{(1,)}","{('?', '?', '?')}"
"(1, 1, 15, 0)",1,"{(1, 15)}","{(7, '?', 6)}"
"(1, 1, 26, 0)",1,"{(1, 26)}","{('?', '?', 3)}"
"(1, 15, 15, 0)",3,"{(1, 15)}","{('?', '?', '?')}"
"(1, 17, 1, 0)",2,"{(1, 17)}","{('?', 4, '?')}"
"(1, 17, 17, 0)",2,"{(1, 17)}","{('?', 4, '?')}"
"(1, 9, 1, 0)",4,"{(1, 9)}","{('?', 4, '?')}"
"(1, 9, 15, 0)",2,"{(1, 9, 15)}","{('?', 4, '?')}"
"(1, 9, 26, 0)",1,"{(1, 26, 9)}","{('?', 4, 3)}"
"(10, 10, 10, 0)",1,"{(10,)}","{('?', 4, 2)}"
"(10, 10, 15, 0)",1,"{(10, 15)}","{(3, 4, '?')}"
"(10, 10, 19, 0)",1,"{(10, 19)}","{(2, 4, 1)}"
"(10, 10, 26, 0)",1,"{(10, 26)}","{(5, 4, '?')}"
"(10, 10, 6, 0)",3,"{(10, 6)}","{('?', '?', '?')}"
"(10, 15, 6, 0)",2,"{(10, 6, 15)}","{('?', 4, '?')}"
"(10, 26, 15, 0)",1,"{(10, 26, 15)}","{(5, '?', '?')}"
"(10, 26, 26, 0)",1,"{(10, 26)}","{(5, '?', '?')}"
"(10, 26, 3, 0)",1,"{(3, 10, 26)}","{(5, '?', '?')}"
"(10, 26, 6, 0)",1,"{(10, 26, 6)}","{(5, 4, '?')}"
"(10, 3, 26, 0)",1,"{(26, 10, 3)}","{(5, '?', '?')}"
"(10, 3, 4, 0)",1,"{(10, 3, 4)}","{(3, '?', '?')}"
"(10, 4, 3, 0)",1,"{(10, 3, 4)}","{(3, '?', '?')}"
"(10, 6, 10, 0)",2,"{(10, 6)}","{('?', '?', '?')}"
"(11, 1, 15, 0)",1,"{(1, 11, 15)}","{(7, 3, 6)}"
"(11, 11, 11, 0)",2,"{(11,)}","{('?', '?', '?')}"
"(11, 12, 1, 0)",2,"{(1, 11, 12)}","{('?', 0, 3)}"
"(11, 12, 11, 0)",1,"{(11, 12)}","{(0, 0, '?')}"
"(11, 12, 12, 0)",5,"{(11, 12)}","{('?', '?', '?')}"
"(11, 12, 3, 0)",3,"{(3, 11, 12)}","{('?', 0, '?')}"
"(11, 12, 7, 0)",1,"{(11, 12, 7)}","{(0, 3, '?')}"
"(11, 24, 12, 0)",1,"{(24, 11, 12)}","{(6, 0, '?')}"
"(11, 25, 15, 0)",4,"{(25, 11, 15)}","{('?', '?', '?')}"
"(11, 25, 24, 0)",3,"{(24, 25, 11)}","{('?', '?', '?')}"
"(11, 25, 3, 0)",7,"{(3, 25, 11)}","{('?', '?', '?')}"
"(11, 27, 11, 0)",1,"{(27, 11)}","{('?', 5, 2)}"
"(11, 3, 11, 0)",2,"{(3, 11)}","{('?', '?', '?')}"
"(11, 3, 15, 0)",5,"{(3, 11, 15)}","{('?', 0, '?')}"
"(11, 3, 4, 0)",2,"{(3, 11, 4)}","{('?', 0, '?')}"
"(12, 1, 1, 0)",7,"{(1, 12)}","{('?', '?', '?')}"
"(12, 1, 15, 0)",5,"{(1, 12, 15)}","{('?', '?', '?')}"
"(12, 12, 1, 0)",4,"{(1, 12)}","{('?', 5, '?')}"
"(12, 12, 11, 0)",4,"{(11, 12)}","{('?', '?', 3)}"
"(12, 12, 7, 0)",4,"{(12, 7)}","{('?', '?', 3)}"
"(12, 15, 15, 0)",1,"{(12, 15)}","{('?', 5, 6)}"
"(12, 25, 1, 0)",1,"{(25, 12, 1)}","{(7, 5, 6)}"
"(13, 12, 12, 0)",1,"{(12, 13)}","{(0, 5, 1)}"
"(13, 13, 13, 0)",11,"{(13,)}","{('?', '?', '?')}"
"(13, 13, 14, 0)",2,"{(13, 14)}","{('?', '?', '?')}"
"(13, 13, 16, 0)",1,"{(16, 13)}","{(7, '?', 7)}"
"(13, 13, 17, 0)",1,"{(17, 13)}","{('?', '?', 1)}"
"(13, 13, 23, 0)",1,"{(13, 23)}","{(4, 4, 7)}"
"(13, 13, 24, 0)",4,"{(24, 13)}","{('?', '?', 2)}"
"(13, 13, 25, 0)",6,"{(25, 13)}","{('?', '?', '?')}"
"(13, 13, 7, 0)",3,"{(13, 7)}","{('?', '?', '?')}"
"(13, 14, 13, 0)",5,"{(13, 14)}","{('?', '?', '?')}"
"(13, 14, 16, 0)",2,"{(16, 13, 14)}","{('?', 4, 7)}"
"(13, 14, 18, 0)",2,"{(18, 13, 14)}","{('?', '?', 5)}"
"(13, 14, 23, 0)",2,"{(13, 14, 23)}","{(0, 4, '?')}"
"(13, 16, 13, 0)",1,"{(16, 13)}","{(7, '?', 7)}"
"(13, 16, 14, 0)",2,"{(16, 13, 14)}","{('?', 4, 7)}"
"(13, 16, 16, 0)",3,"{(16, 13)}","{('?', 4, 7)}"
"(13, 16, 17, 0)",1,"{(16, 17, 13)}","{('?', 4, 7)}"
"(13, 16, 23, 0)",2,"{(16, 13, 23)}","{('?', 4, 7)}"
"(13, 17, 17, 0)",6,"{(17, 13)}","{('?', '?', '?')}"
"(13, 18, 13, 0)",1,"{(18, 13)}","{('?', '?', 7)}"
"(13, 18, 18, 0)",2,"{(18, 13)}","{('?', '?', '?')}"
"(13, 19, 17, 0)",1,"{(17, 19, 13)}","{(1, 4, 1)}"
"(13, 19, 19, 0)",3,"{(19, 13)}","{('?', 6, 1)}"
"(13, 19, 23, 0)",1,"{(19, 13, 23)}","{('?', 6, 1)}"
"(13, 21, 12, 0)",2,"{(21, 12, 13)}","{('?', 5, 1)}"
"(13, 21, 3, 0)",3,"{(21, 3, 13)}","{('?', '?', 1)}"
"(13, 23, 10, 0)",1,"{(10, 13, 23)}","{(7, 4, 2)}"
"(13, 23, 16, 0)",2,"{(16, 13, 23)}","{('?', 4, 7)}"
"(13, 23, 17, 0)",1,"{(17, 13, 23)}","{(7, 4, 2)}"
"(13, 23, 19, 0)",1,"{(19, 13, 23)}","{('?', 6, 1)}"
"(13, 23, 23, 0)",4,"{(13, 23)}","{('?', 4, '?')}"
"(13, 23, 25, 0)",1,"{(25, 13, 23)}","{(4, 4, 2)}"
"(13, 23, 9, 0)",1,"{(9, 13, 23)}","{(7, 6, 1)}"
"(13, 24, 13, 0)",2,"{(24, 13)}","{(4, '?', 2)}"
"(13, 24, 25, 0)",1,"{(24, 25, 13)}","{(6, 3, 1)}"
"(13, 24, 3, 0)",1,"{(24, 3, 13)}","{(6, 0, 1)}"
"(13, 25, 1, 0)",2,"{(25, 13, 1)}","{(6, '?', 1)}"
"(13, 25, 13, 0)",4,"{(25, 13)}","{('?', '?', '?')}"
"(13, 25, 17, 0)",1,"{(25, 13, 17)}","{('?', 1, 1)}"
"(13, 25, 23, 0)",12,"{(25, 13, 23)}","{('?', '?', '?')}"
"(13, 25, 24, 0)",5,"{(24, 25, 13)}","{('?', '?', 1)}"
"(13, 25, 25, 0)",3,"{(25, 13)}","{('?', '?', 1)}"
"(13, 25, 3, 0)",5,"{(25, 3, 13)}","{('?', '?', 1)}"
"(13, 3, 3, 0)",1,"{(3, 13)}","{('?', 0, 1)}"
"(13, 5, 17, 0)",6,"{(17, 5, 13)}","{('?', '?', '?')}"
"(13, 5, 5, 0)",3,"{(5, 13)}","{('?', '?', '?')}"
"(13, 7, 13, 0)",1,"{(13, 7)}","{(4, '?', 7)}"
"(13, 7, 16, 0)",2,"{(16, 13, 7)}","{('?', '?', 7)}"
"(13, 7, 25, 0)",1,"{(25, 13, 7)}","{(4, '?', 7)}"
"(14, 10, 10, 0)",1,"{(10, 14)}","{(5, 1, 4)}"
"(14, 10, 19, 0)",2,"{(10, 19, 14)}","{('?', 6, 4)}"
"(14, 10, 20, 0)",1,"{(10, 20, 14)}","{(2, 1, '?')}"
"(14, 10, 21, 0)",1,"{(10, 21, 14)}","{(2, 1, '?')}"
"(14, 10, 26, 0)",2,"{(10, 26, 14)}","{('?', 2, 4)}"
"(14, 10, 3, 0)",4,"{(10, 3, 14)}","{('?', '?', '?')}"
"(14, 10, 6, 0)",1,"{(10, 14, 6)}","{(5, 6, 4)}"
"(14, 13, 14, 0)",2,"{(13, 14)}","{('?', 2, '?')}"
"(14, 13, 17, 0)",4,"{(17, 13, 14)}","{('?', '?', 4)}"
"(14, 13, 19, 0)",1,"{(19, 13, 14)}","{(1, 6, 4)}"
"(14, 13, 23, 0)",3,"{(13, 14, 23)}","{('?', '?', 4)}"
"(14, 14, 10, 0)",2,"{(10, 14)}","{('?', 6, '?')}"
"(14, 14, 13, 0)",2,"{(13, 14)}","{('?', 2, 5)}"
"(14, 14, 14, 0)",2,"{(14,)}","{('?', 6, 2)}"
"(14, 14, 16, 0)",2,"{(16, 14)}","{('?', 6, 5)}"
"(14, 14, 17, 0)",2,"{(17, 14)}","{('?', '?', 5)}"
"(14, 14, 19, 0)",2,"{(19, 14)}","{('?', 6, '?')}"
"(14, 14, 22, 0)",2,"{(14, 22)}","{('?', 6, 2)}"
"(14, 14, 23, 0)",2,"{(14, 23)}","{('?', '?', 5)}"
"(14, 14, 26, 0)",1,"{(26, 14)}","{(5, 6, 2)}"
"(14, 14, 6, 0)",2,"{(14, 6)}","{('?', 6, 5)}"
"(14, 16, 10, 0)",1,"{(16, 10, 14)}","{(5, 6, 7)}"
"(14, 16, 14, 0)",1,"{(16, 14)}","{(1, 6, 5)}"
"(14, 16, 16, 0)",2,"{(16, 14)}","{('?', 6, 5)}"
"(14, 16, 17, 0)",1,"{(16, 17, 14)}","{('?', 2, 7)}"
"(14, 16, 19, 0)",3,"{(16, 19, 14)}","{('?', 6, '?')}"
"(14, 16, 6, 0)",3,"{(16, 14, 6)}","{('?', 6, 7)}"
"(14, 17, 10, 0)",1,"{(17, 10, 14)}","{(2, 6, 4)}"
"(14, 17, 13, 0)",1,"{(17, 13, 14)}","{(0, 6, 4)}"
"(14, 17, 17, 0)",5,"{(17, 14)}","{('?', '?', '?')}"
"(14, 17, 19, 0)",2,"{(17, 19, 14)}","{('?', 6, 4)}"
"(14, 17, 6, 0)",2,"{(17, 14, 6)}","{('?', 6, 4)}"
"(14, 18, 13, 0)",3,"{(18, 13, 14)}","{('?', '?', '?')}"
"(14, 18, 17, 0)",2,"{(17, 18, 14)}","{('?', '?', '?')}"
"(14, 18, 18, 0)",3,"{(18, 14)}","{('?', '?', 2)}"
"(14, 19, 14, 0)",2,"{(19, 14)}","{('?', 7, 2)}"
"(14, 19, 16, 0)",2,"{(16, 19, 14)}","{('?', 7, '?')}"
"(14, 19, 19, 0)",2,"{(19, 14)}","{('?', 7, 5)}"
"(14, 2, 10, 0)",5,"{(2, 10, 14)}","{('?', '?', '?')}"
"(14, 2, 2, 0)",3,"{(2, 14)}","{('?', '?', 5)}"
"(14, 2, 22, 0)",1,"{(2, 14, 22)}","{(5, 1, 5)}"
"(14, 2, 3, 0)",3,"{(2, 3, 14)}","{('?', 1, 7)}"
"(14, 22, 10, 0)",1,"{(10, 14, 22)}","{(3, 1, 7)}"
"(14, 22, 14, 0)",2,"{(14, 22)}","{('?', 2, 2)}"
"(14, 22, 18, 0)",2,"{(18, 14, 22)}","{('?', 1, 2)}"
"(14, 22, 2, 0)",1,"{(2, 14, 22)}","{(3, 1, 5)}"
"(14, 22, 20, 0)",1,"{(20, 14, 22)}","{(2, 1, 5)}"
"(14, 22, 21, 0)",2,"{(21, 14, 22)}","{('?', 1, 5)}"
"(14, 23, 17, 0)",1,"{(17, 14, 23)}","{(7, 2, 2)}"
"(14, 23, 19, 0)",3,"{(19, 14, 23)}","{('?', 6, '?')}"
"(14, 23, 23, 0)",5,"{(14, 23)}","{('?', '?', '?')}"
"(14, 23, 25, 0)",1,"{(25, 14, 23)}","{(4, 2, 4)}"
"(14, 6, 10, 0)",2,"{(10, 14, 6)}","{('?', 6, '?')}"
"(15, 15, 15, 0)",2,"{(15,)}","{('?', '?', 0)}"
"(15, 15, 26, 0)",2,"{(26, 15)}","{(2, '?', '?')}"
"(15, 26, 15, 0)",1,"{(26, 15)}","{(2, '?', 6)}"
"(16, 13, 13, 0)",5,"{(16, 13)}","{('?', 1, '?')}"
"(16, 13, 14, 0)",4,"{(16, 13, 14)}","{('?', '?', 7)}"
"(16, 13, 16, 0)",3,"{(16, 13)}","{('?', '?', 7)}"
"(16, 13, 17, 0)",1,"{(16, 17, 13)}","{('?', 2, 7)}"
"(16, 13, 18, 0)",1,"{(16, 18, 13)}","{('?', 1, 7)}"
"(16, 14, 14, 0)",2,"{(16, 14)}","{('?', 7, 5)}"
"(16, 14, 16, 0)",2,"{(16, 14)}","{('?', 6, 7)}"
"(16, 14, 19, 0)",2,"{(16, 19, 14)}","{('?', 7, '?')}"
"(16, 14, 6, 0)",1,"{(16, 14, 6)}","{('?', 6, 7)}"
"(16, 16, 13, 0)",1,"{(16, 13)}","{(6, 2, 7)}"
"(16, 16, 16, 0)",2,"{(16,)}","{('?', 6, 7)}"
"(16, 16, 17, 0)",2,"{(16, 17)}","{('?', '?', 7)}"
"(16, 16, 19, 0)",4,"{(16, 19)}","{('?', '?', '?')}"
"(16, 16, 6, 0)",1,"{(16, 6)}","{('?', 6, 7)}"
"(16, 19, 14, 0)",2,"{(16, 19, 14)}","{('?', 7, '?')}"
"(16, 19, 16, 0)",4,"{(16, 19)}","{('?', 7, '?')}"
"(16, 19, 19, 0)",2,"{(16, 19)}","{('?', 7, '?')}"
"(16, 23, 14, 0)",1,"{(16, 14, 23)}","{(6, 7, 5)}"
"(16, 23, 19, 0)",2,"{(16, 19, 23)}","{(6, 7, '?')}"
"(17, 13, 14, 0)",1,"{(17, 13, 14)}","{('?', 1, 4)}"
"(17, 13, 17, 0)",2,"{(17, 13)}","{('?', '?', '?')}"
"(17, 14, 17, 0)",1,"{(17, 14)}","{(1, 6, '?')}"
"(17, 14, 23, 0)",1,"{(17, 14, 23)}","{(4, 2, 4)}"
"(17, 14, 6, 0)",1,"{(17, 14, 6)}","{(1, 6, '?')}"
"(17, 17, 17, 0)",8,"{(17,)}","{('?', '?', '?')}"
"(17, 17, 19, 0)",3,"{(17, 19)}","{('?', '?', '?')}"
"(17, 17, 6, 0)",1,"{(17, 6)}","{(1, 6, '?')}"
"(17, 19, 17, 0)",3,"{(17, 19)}","{('?', '?', '?')}"
"(17, 19, 19, 0)",2,"{(17, 19)}","{('?', 7, '?')}"
"(17, 6, 6, 0)",1,"{(17, 6)}","{(5, 6, '?')}"
"(17, 9, 17, 0)",1,"{(17, 9)}","{(0, 7, 3)}"
"(17, 9, 19, 0)",1,"{(17, 19, 9)}","{('?', 7, 3)}"
"(18, 13, 18, 0)",1,"{(18, 13)}","{(1, 5, 2)}"
"(18, 18, 13, 0)",2,"{(18, 13)}","{(0, '?', 2)}"
"(18, 18, 18, 0)",3,"{(18,)}","{('?', '?', 2)}"
"(18, 18, 27, 0)",1,"{(18, 27)}","{(1, 0, 2)}"
"(18, 18, 7, 0)",2,"{(18, 7)}","{('?', 5, 2)}"
"(18, 27, 18, 0)",2,"{(18, 27)}","{(1, '?', 2)}"
"(18, 27, 27, 0)",2,"{(18, 27)}","{(1, '?', 2)}"
"(18, 7, 13, 0)",1,"{(18, 13, 7)}","{(0, 5, 2)}"
"(18, 7, 18, 0)",2,"{(18, 7)}","{('?', 5, 2)}"
"(19, 10, 10, 0)",3,"{(10, 19)}","{('?', '?', 1)}"
"(19, 10, 4, 0)",3,"{(10, 19, 4)}","{('?', '?', 1)}"
"(19, 14, 19, 0)",1,"{(19, 14)}","{(2, 7, 5)}"
"(19, 16, 19, 0)",5,"{(16, 19)}","{('?', 7, '?')}"
"(19, 17, 19, 0)",4,"{(17, 19)}","{('?', 7, '?')}"
"(19, 19, 10, 0)",2,"{(10, 19)}","{('?', '?', '?')}"
"(19, 19, 14, 0)",3,"{(19, 14)}","{('?', 7, 4)}"
"(19, 19, 16, 0)",4,"{(16, 19)}","{('?', 7, '?')}"
"(19, 19, 19, 0)",6,"{(19,)}","{('?', '?', '?')}"
"(19, 19, 2, 0)",1,"{(2, 19)}","{(5, 6, 1)}"
"(19, 19, 22, 0)",1,"{(19, 22)}","{(3, 6, 1)}"
"(19, 2, 10, 0)",1,"{(10, 2, 19)}","{(5, 2, 1)}"
"(19, 2, 19, 0)",1,"{(2, 19)}","{(5, 2, 1)}"
"(19, 23, 19, 0)",1,"{(19, 23)}","{(7, 7, 2)}"
"(19, 9, 10, 0)",1,"{(9, 10, 19)}","{(5, 7, 3)}"
"(19, 9, 19, 0)",4,"{(9, 19)}","{('?', 7, '?')}"
"(2, 10, 10, 0)",1,"{(2, 10)}","{(5, 4, 2)}"
"(2, 10, 19, 0)",2,"{(19, 2, 10)}","{('?', 4, 1)}"
"(2, 10, 26, 0)",3,"{(26, 2, 10)}","{(5, 4, '?')}"
"(2, 10, 3, 0)",2,"{(3, 2, 10)}","{('?', '?', 1)}"
"(2, 10, 4, 0)",3,"{(2, 10, 4)}","{('?', '?', 1)}"
"(2, 10, 6, 0)",2,"{(2, 10, 6)}","{('?', 4, 1)}"
"(2, 19, 10, 0)",1,"{(10, 2, 19)}","{(5, 2, 1)}"
"(2, 2, 14, 0)",1,"{(2, 14)}","{(2, 4, 5)}"
"(2, 2, 19, 0)",2,"{(2, 19)}","{('?', 4, 4)}"
"(2, 2, 2, 0)",1,"{(2,)}","{(2, 4, 7)}"
"(2, 2, 20, 0)",1,"{(2, 20)}","{(5, '?', 4)}"
"(2, 2, 21, 0)",1,"{(2, 21)}","{(5, '?', 4)}"
"(2, 2, 22, 0)",3,"{(2, 22)}","{('?', '?', '?')}"
"(2, 2, 26, 0)",1,"{(2, 26)}","{(5, 4, 5)}"
"(2, 2, 27, 0)",1,"{(2, 27)}","{(5, '?', 7)}"
"(2, 2, 6, 0)",3,"{(2, 6)}","{('?', 4, 4)}"
"(2, 20, 20, 0)",1,"{(2, 20)}","{(3, '?', 4)}"
"(2, 20, 21, 0)",1,"{(2, 20, 21)}","{(2, '?', 4)}"
"(2, 20, 3, 0)",1,"{(2, 3, 20)}","{(5, 3, 1)}"
"(2, 21, 20, 0)",2,"{(2, 20, 21)}","{('?', '?', 4)}"
"(2, 21, 21, 0)",2,"{(2, 21)}","{('?', '?', 4)}"
"(2, 22, 2, 0)",2,"{(2, 22)}","{('?', '?', '?')}"
"(2, 22, 22, 0)",3,"{(2, 22)}","{('?', '?', '?')}"
"(2, 22, 27, 0)",2,"{(2, 27, 22)}","{('?', '?', 7)}"
"(2, 26, 26, 0)",1,"{(2, 26)}","{(5, 4, 5)}"
"(2, 27, 22, 0)",1,"{(2, 27, 22)}","{(5, 0, 7)}"
"(2, 27, 27, 0)",1,"{(2, 27)}","{(5, '?', 7)}"
"(2, 3, 11, 0)",1,"{(11, 2, 3)}","{('?', 0, 1)}"
"(2, 3, 21, 0)",1,"{(2, 3, 21)}","{(5, 5, 1)}"
"(2, 3, 3, 0)",1,"{(2, 3)}","{('?', 0, 1)}"
"(2, 3, 4, 0)",1,"{(2, 3, 4)}","{('?', 0, 1)}"
"(2, 4, 3, 0)",7,"{(2, 3, 4)}","{('?', '?', 1)}"
"(2, 4, 4, 0)",1,"{(2, 4)}","{(3, 5, 1)}"
"(20, 20, 3, 0)",1,"{(3, 20)}","{(5, 3, 4)}"
"(20, 3, 20, 0)",1,"{(3, 20)}","{(5, 0, '?')}"
"(20, 3, 21, 0)",2,"{(3, 20, 21)}","{(5, '?', '?')}"
"(20, 3, 26, 0)",1,"{(26, 3, 20)}","{(5, 0, '?')}"
"(22, 18, 18, 0)",1,"{(18, 22)}","{(2, '?', 2)}"
"(22, 18, 22, 0)",1,"{(18, 22)}","{(2, '?', 2)}"
"(22, 18, 27, 0)",1,"{(18, 27, 22)}","{('?', '?', 2)}"
"(22, 2, 22, 0)",3,"{(2, 22)}","{('?', '?', 7)}"
"(22, 2, 27, 0)",1,"{(2, 27, 22)}","{(5, 0, 7)}"
"(22, 22, 18, 0)",2,"{(18, 22)}","{('?', '?', 2)}"
"(22, 22, 22, 0)",1,"{(22,)}","{(3, '?', 5)}"
"(22, 27, 2, 0)",1,"{(2, 27, 22)}","{(5, 5, 7)}"
"(22, 27, 20, 0)",1,"{(27, 20, 22)}","{(5, 5, 7)}"
"(22, 27, 21, 0)",1,"{(27, 21, 22)}","{(5, 5, 7)}"
"(22, 27, 27, 0)",1,"{(27, 22)}","{(5, 0, 7)}"
"(23, 1, 1, 0)",3,"{(1, 23)}","{('?', 1, '?')}"
"(23, 1, 15, 0)",5,"{(1, 15, 23)}","{('?', '?', '?')}"
"(23, 1, 17, 0)",2,"{(1, 17, 23)}","{(6, 2, '?')}"
"(23, 1, 23, 0)",5,"{(1, 23)}","{('?', 2, '?')}"
"(23, 1, 25, 0)",1,"{(1, 25, 23)}","{(7, 1, 0)}"
"(23, 1, 26, 0)",4,"{(1, 26, 23)}","{('?', '?', '?')}"
"(23, 1, 3, 0)",1,"{(1, 3, 23)}","{(7, 2, 3)}"
"(23, 1, 9, 0)",1,"{(1, 9, 23)}","{(7, 1, 0)}"
"(23, 13, 13, 0)",5,"{(13, 23)}","{('?', '?', '?')}"
"(23, 13, 18, 0)",1,"{(18, 13, 23)}","{(4, 1, 4)}"
"(23, 13, 23, 0)",3,"{(13, 23)}","{('?', '?', '?')}"
"(23, 13, 25, 0)",3,"{(25, 13, 23)}","{('?', '?', 4)}"
"(23, 14, 19, 0)",1,"{(19, 14, 23)}","{(7, 7, 5)}"
"(23, 14, 23, 0)",4,"{(14, 23)}","{('?', '?', '?')}"
"(23, 15, 15, 0)",3,"{(15, 23)}","{('?', 1, '?')}"
"(23, 15, 3, 0)",2,"{(3, 15, 23)}","{(4, '?', 3)}"
"(23, 16, 13, 0)",4,"{(16, 13, 23)}","{('?', 1, '?')}"
"(23, 16, 19, 0)",3,"{(16, 19, 23)}","{('?', 7, '?')}"
"(23, 17, 14, 0)",1,"{(17, 14, 23)}","{(6, 6, '?')}"
"(23, 17, 17, 0)",2,"{(17, 23)}","{('?', 6, '?')}"
"(23, 17, 19, 0)",4,"{(17, 19, 23)}","{('?', '?', '?')}"
"(23, 19, 14, 0)",3,"{(19, 14, 23)}","{('?', 7, 4)}"
"(23, 19, 16, 0)",5,"{(16, 19, 23)}","{('?', 7, '?')}"
"(23, 19, 17, 0)",5,"{(17, 19, 23)}","{('?', '?', '?')}"
"(23, 19, 19, 0)",3,"{(19, 23)}","{('?', 7, 1)}"
"(23, 19, 9, 0)",1,"{(9, 19, 23)}","{(4, 7, 6)}"
"(23, 23, 1, 0)",1,"{(1, 23)}","{(6, 2, 6)}"
"(23, 23, 17, 0)",2,"{(17, 23)}","{('?', 6, '?')}"
"(23, 23, 23, 0)",4,"{(23,)}","{('?', '?', '?')}"
"(23, 23, 25, 0)",1,"{(25, 23)}","{(6, 4, '?')}"
"(23, 25, 1, 0)",1,"{(25, 1, 23)}","{(7, 1, 0)}"
"(23, 25, 13, 0)",2,"{(25, 13, 23)}","{(4, 4, '?')}"
"(23, 25, 19, 0)",1,"{(25, 19, 23)}","{(7, 6, 1)}"
"(23, 25, 23, 0)",3,"{(25, 23)}","{('?', 4, '?')}"
"(23, 9, 1, 0)",3,"{(9, 1, 23)}","{('?', 6, '?')}"
"(23, 9, 15, 0)",3,"{(9, 15, 23)}","{('?', 6, '?')}"
"(23, 9, 17, 0)",3,"{(9, 17, 23)}","{(6, '?', '?')}"
"(23, 9, 19, 0)",5,"{(9, 19, 23)}","{('?', 7, '?')}"
"(23, 9, 26, 0)",2,"{(9, 26, 23)}","{('?', 6, 3)}"
"(23, 9, 6, 0)",5,"{(9, 6, 23)}","{('?', 7, '?')}"
"(23, 9, 9, 0)",1,"{(9, 23)}","{(6, 7, 0)}"
"(24, 1, 1, 0)",6,"{(24, 1)}","{('?', '?', '?')}"
"(24, 1, 23, 0)",1,"{(24, 1, 23)}","{(6, 5, 0)}"
"(24, 11, 12, 0)",1,"{(24, 11, 12)}","{(6, 0, '?')}"
"(24, 11, 24, 0)",1,"{(24, 11)}","{(6, 0, '?')}"
"(24, 11, 25, 0)",2,"{(24, 25, 11)}","{('?', 5, '?')}"
"(24, 13, 25, 0)",4,"{(24, 25, 13)}","{('?', '?', '?')}"
"(24, 24, 1, 0)",3,"{(24, 1)}","{(6, '?', 3)}"
"(24, 24, 11, 0)",1,"{(24, 11)}","{(6, 0, '?')}"
"(24, 24, 12, 0)",2,"{(24, 12)}","{(6, '?', 3)}"
"(24, 24, 13, 0)",1,"{(24, 13)}","{(7, 5, '?')}"
"(24, 24, 24, 0)",3,"{(24,)}","{(6, '?', 3)}"
"(24, 24, 25, 0)",1,"{(24, 25)}","{(7, 5, 0)}"
"(24, 24, 3, 0)",1,"{(24, 3)}","{(6, 0, 3)}"
"(24, 25, 1, 0)",6,"{(24, 25, 1)}","{('?', '?', '?')}"
"(24, 25, 15, 0)",1,"{(24, 25, 15)}","{(4, 5, 0)}"
"(24, 25, 24, 0)",5,"{(24, 25)}","{('?', '?', '?')}"
"(24, 7, 12, 0)",1,"{(24, 12, 7)}","{(6, 0, '?')}"
"(24, 7, 24, 0)",1,"{(24, 7)}","{(6, 3, '?')}"
"(25, 1, 1, 0)",4,"{(25, 1)}","{('?', '?', '?')}"
"(25, 1, 11, 0)",1,"{(25, 11, 1)}","{(4, '?', 3)}"
"(25, 1, 13, 0)",1,"{(25, 13, 1)}","{(4, '?', 3)}"
"(25, 1, 15, 0)",5,"{(25, 1, 15)}","{('?', '?', '?')}"
"(25, 1, 17, 0)",3,"{(25, 1, 17)}","{(6, 4, '?')}"
"(25, 1, 23, 0)",1,"{(25, 1, 23)}","{(6, 4, 0)}"
"(25, 1, 25, 0)",1,"{(25, 1)}","{(4, '?', 3)}"
"(25, 1, 26, 0)",2,"{(25, 26, 1)}","{(4, '?', '?')}"
"(25, 1, 6, 0)",6,"{(25, 1, 6)}","{('?', '?', '?')}"
"(25, 1, 9, 0)",7,"{(25, 1, 9)}","{('?', '?', '?')}"
"(25, 12, 1, 0)",1,"{(25, 12, 1)}","{(7, 3, 6)}"
"(25, 13, 23, 0)",1,"{(25, 13, 23)}","{(4, 4, '?')}"
"(25, 13, 25, 0)",1,"{(25, 13)}","{(4, 4, '?')}"
"(25, 23, 15, 0)",1,"{(25, 15, 23)}","{(4, 4, '?')}"
"(25, 23, 25, 0)",1,"{(25, 23)}","{(4, 4, '?')}"
"(25, 24, 1, 0)",5,"{(24, 25, 1)}","{('?', '?', '?')}"
"(25, 24, 25, 0)",2,"{(24, 25)}","{('?', '?', '?')}"
"(25, 3, 1, 0)",1,"{(25, 3, 1)}","{(7, 5, 6)}"
"(26, 15, 15, 0)",3,"{(26, 15)}","{('?', '?', '?')}"
"(26, 15, 26, 0)",3,"{(26, 15)}","{('?', '?', '?')}"
"(26, 15, 6, 0)",5,"{(26, 6, 15)}","{('?', '?', '?')}"
"(26, 15, 9, 0)",1,"{(9, 26, 15)}","{(3, 4, 6)}"
"(26, 26, 15, 0)",1,"{(26, 15)}","{(5, '?', 6)}"
"(26, 26, 26, 0)",2,"{(26,)}","{(5, '?', '?')}"
"(26, 26, 6, 0)",3,"{(26, 6)}","{('?', 4, '?')}"
"(26, 6, 1, 0)",1,"{(1, 26, 6)}","{(2, 4, 3)}"
"(26, 6, 26, 0)",1,"{(26, 6)}","{(2, 4, 3)}"
"(26, 6, 9, 0)",1,"{(9, 26, 6)}","{(3, 4, 3)}"
"(27, 11, 3, 0)",4,"{(11, 3, 27)}","{('?', '?', 4)}"
"(27, 18, 27, 0)",5,"{(18, 27)}","{('?', '?', 2)}"
"(27, 20, 20, 0)",4,"{(27, 20)}","{('?', '?', 5)}"
"(27, 20, 21, 0)",4,"{(27, 20, 21)}","{('?', '?', 5)}"
"(27, 20, 3, 0)",3,"{(3, 27, 20)}","{(5, '?', 4)}"
"(27, 21, 20, 0)",3,"{(27, 20, 21)}","{('?', '?', 5)}"
"(27, 21, 21, 0)",1,"{(27, 21)}","{(3, 5, 5)}"
"(27, 21, 3, 0)",3,"{(3, 27, 21)}","{(5, '?', 4)}"
"(27, 27, 11, 0)",1,"{(11, 27)}","{(1, 3, 5)}"
"(27, 27, 18, 0)",1,"{(18, 27)}","{(3, 0, 2)}"
"(27, 27, 20, 0)",1,"{(27, 20)}","{(3, 5, 7)}"
"(27, 27, 21, 0)",2,"{(27, 21)}","{('?', 5, 7)}"
"(27, 27, 27, 0)",6,"{(27,)}","{('?', '?', 2)}"
"(27, 27, 4, 0)",5,"{(27, 4)}","{('?', '?', '?')}"
"(27, 4, 20, 0)",3,"{(27, 4, 20)}","{('?', '?', 5)}"
"(27, 4, 21, 0)",1,"{(27, 4, 21)}","{(2, 3, 5)}"
"(27, 4, 3, 0)",4,"{(3, 27, 4)}","{('?', '?', 4)}"
"(27, 4, 4, 0)",3,"{(27, 4)}","{('?', '?', '?')}"
"(27, 7, 27, 0)",1,"{(27, 7)}","{(1, 3, 5)}"
"(3, 1, 15, 0)",3,"{(1, 3, 15)}","{('?', '?', '?')}"
"(3, 11, 15, 0)",2,"{(11, 3, 15)}","{('?', 0, '?')}"
"(3, 11, 3, 0)",2,"{(11, 3)}","{('?', '?', 3)}"
"(3, 15, 15, 0)",7,"{(3, 15)}","{('?', '?', '?')}"
"(3, 15, 26, 0)",3,"{(26, 3, 15)}","{('?', 3, '?')}"
"(3, 15, 3, 0)",1,"{(3, 15)}","{(2, 0, 0)}"
"(3, 21, 10, 0)",2,"{(10, 3, 21)}","{(5, '?', 3)}"
"(3, 21, 20, 0)",1,"{(3, 20, 21)}","{(5, 5, 3)}"
"(3, 21, 21, 0)",2,"{(3, 21)}","{(5, '?', 3)}"
"(3, 26, 26, 0)",5,"{(26, 3)}","{('?', '?', '?')}"
"(3, 3, 15, 0)",1,"{(3, 15)}","{(2, 5, 6)}"
"(3, 3, 26, 0)",1,"{(26, 3)}","{(2, 5, 0)}"
"(3, 4, 15, 0)",1,"{(3, 4, 15)}","{(2, 0, 0)}"
"(3, 4, 20, 0)",1,"{(3, 4, 20)}","{(3, 3, 3)}"
"(3, 4, 21, 0)",2,"{(3, 4, 21)}","{('?', 3, 3)}"
"(3, 4, 3, 0)",4,"{(3, 4)}","{('?', '?', 3)}"
"(4, 3, 21, 0)",3,"{(3, 4, 21)}","{('?', '?', '?')}"
"(4, 3, 4, 0)",3,"{(3, 4)}","{('?', '?', '?')}"
"(6, 1, 15, 0)",1,"{(1, 6, 15)}","{('?', 2, 0)}"
"(6, 1, 17, 0)",1,"{(1, 6, 17)}","{('?', 2, 3)}"
"(6, 1, 26, 0)",1,"{(1, 26, 6)}","{(2, 1, 3)}"
"(6, 1, 9, 0)",1,"{(1, 6, 9)}","{('?', 2, 0)}"
"(6, 10, 10, 0)",3,"{(10, 6)}","{('?', '?', '?')}"
"(6, 10, 15, 0)",1,"{(10, 6, 15)}","{(2, 1, '?')}"
"(6, 10, 26, 0)",1,"{(10, 26, 6)}","{(5, 1, '?')}"
"(6, 10, 6, 0)",2,"{(10, 6)}","{('?', 2, '?')}"
"(6, 15, 15, 0)",3,"{(6, 15)}","{('?', 1, '?')}"
"(6, 15, 3, 0)",1,"{(3, 6, 15)}","{(2, 1, 0)}"
"(6, 26, 1, 0)",1,"{(1, 26, 6)}","{(2, 1, 3)}"
"(6, 26, 15, 0)",8,"{(26, 6, 15)}","{('?', '?', '?')}"
"(6, 26, 26, 0)",5,"{(26, 6)}","{('?', 2, '?')}"
"(6, 26, 3, 0)",4,"{(26, 3, 6)}","{('?', '?', '?')}"
"(6, 26, 6, 0)",3,"{(26, 6)}","{('?', '?', '?')}"
"(6, 6, 10, 0)",2,"{(10, 6)}","{('?', 6, '?')}"
"(6, 6, 26, 0)",2,"{(26, 6)}","{('?', 6, 3)}"
"(6, 6, 6, 0)",1,"{(6,)}","{(5, 6, '?')}"
"(6, 6, 9, 0)",1,"{(9, 6)}","{(2, 6, 3)}"
"(6, 9, 10, 0)",2,"{(9, 10, 6)}","{(5, 6, '?')}"
"(6, 9, 15, 0)",3,"{(9, 6, 15)}","{('?', 6, '?')}"
"(6, 9, 26, 0)",1,"{(9, 26, 6)}","{(2, 6, 3)}"
"(6, 9, 6, 0)",3,"{(9, 6)}","{(5, 6, '?')}"
"(7, 11, 11, 0)",1,"{(11, 7)}","{('?', 0, 5)}"
"(7, 11, 25, 0)",4,"{(25, 11, 7)}","{('?', 0, '?')}"
"(7, 11, 3, 0)",3,"{(3, 11, 7)}","{('?', '?', 4)}"
"(7, 12, 11, 0)",1,"{(11, 12, 7)}","{(1, 3, 5)}"
"(7, 12, 12, 0)",4,"{(12, 7)}","{('?', '?', 4)}"
"(7, 12, 3, 0)",2,"{(3, 12, 7)}","{('?', 0, 4)}"
"(7, 13, 13, 0)",6,"{(13, 7)}","{('?', '?', 7)}"
"(7, 13, 24, 0)",1,"{(24, 13, 7)}","{(6, 3, 7)}"
"(7, 13, 25, 0)",4,"{(25, 13, 7)}","{('?', '?', 7)}"
"(7, 13, 7, 0)",3,"{(13, 7)}","{('?', '?', 7)}"
"(7, 18, 13, 0)",2,"{(18, 13, 7)}","{('?', 3, 7)}"
"(7, 18, 18, 0)",2,"{(18, 7)}","{('?', 3, 7)}"
"(7, 18, 27, 0)",4,"{(18, 27, 7)}","{('?', '?', 7)}"
"(7, 18, 7, 0)",3,"{(18, 7)}","{('?', '?', 7)}"
"(7, 24, 12, 0)",1,"{(24, 12, 7)}","{(6, 0, 4)}"
"(7, 24, 24, 0)",2,"{(24, 7)}","{(6, 5, '?')}"
"(7, 24, 25, 0)",3,"{(24, 25, 7)}","{('?', '?', 4)}"
"(7, 25, 12, 0)",1,"{(25, 12, 7)}","{(7, 5, 4)}"
"(7, 25, 24, 0)",3,"{(24, 25, 7)}","{(7, '?', '?')}"
"(7, 25, 3, 0)",3,"{(25, 3, 7)}","{('?', '?', 4)}"
"(7, 27, 11, 0)",3,"{(11, 27, 7)}","{('?', '?', 5)}"
"(7, 27, 18, 0)",2,"{(18, 27, 7)}","{('?', 0, 7)}"
"(7, 27, 27, 0)",3,"{(27, 7)}","{('?', '?', 5)}"
"(7, 27, 7, 0)",3,"{(27, 7)}","{('?', '?', 5)}"
"(7, 7, 24, 0)",3,"{(24, 7)}","{(6, '?', 5)}"
"(7, 7, 25, 0)",3,"{(25, 7)}","{('?', '?', 5)}"
"(7, 7, 27, 0)",1,"{(27, 7)}","{(0, 5, 5)}"
"(7, 7, 7, 0)",4,"{(7,)}","{('?', '?', '?')}"
"(9, 1, 1, 0)",7,"{(9, 1)}","{('?', '?', '?')}"
"(9, 1, 15, 0)",2,"{(9, 1, 15)}","{('?', '?', 0)}"
"(9, 1, 17, 0)",2,"{(9, 1, 17)}","{('?', '?', 3)}"
"(9, 1, 3, 0)",1,"{(9, 3, 1)}","{('?', 2, 0)}"
"(9, 15, 15, 0)",1,"{(9, 15)}","{('?', 1, 6)}"
"(9, 17, 17, 0)",3,"{(9, 17)}","{('?', '?', 3)}"
"(9, 17, 19, 0)",1,"{(9, 19, 17)}","{('?', 7, 3)}"
"(9, 17, 9, 0)",1,"{(9, 17)}","{(0, 7, 3)}"
"(9, 19, 19, 0)",2,"{(9, 19)}","{('?', 7, 0)}"
"(9, 19, 9, 0)",3,"{(9, 19)}","{('?', 7, '?')}"
"(9, 6, 15, 0)",1,"{(9, 6, 15)}","{(3, 6, 0)}"
"(9, 9, 1, 0)",4,"{(9, 1)}","{('?', 6, '?')}"
"(9, 9, 15, 0)",4,"{(9, 15)}","{('?', 6, '?')}"
"(9, 9, 17, 0)",3,"{(9, 17)}","{('?', 7, '?')}"
"(9, 9, 19, 0)",4,"{(9, 19)}","{('?', 7, '?')}"
"(9, 9, 9, 0)",4,"{(9,)}","{('?', 7, '?')}"
