dataset,context_condition,run,vocab_size,symbols
"(3,4)",coarse,0,11,"Counter({0: 742, 4: 433, 7: 394, 3: 370, 13: 310, 9: 280, 5: 253, 1: 97, 2: 67, 12: 21, 11: 1})"
"(3,4)",coarse,1,11,"Counter({0: 742, 4: 427, 2: 352, 7: 327, 3: 257, 12: 244, 15: 209, 13: 194, 9: 121, 1: 65, 10: 30})"
"(3,4)",coarse,2,14,"Counter({0: 742, 13: 400, 15: 293, 14: 283, 6: 250, 9: 240, 7: 229, 1: 211, 10: 198, 5: 45, 8: 32, 3: 23, 12: 21, 4: 1})"
"(3,4)",coarse,3,9,"Counter({0: 742, 4: 414, 8: 390, 5: 367, 13: 305, 3: 297, 6: 222, 10: 129, 1: 102})"
"(3,4)",coarse,4,10,"Counter({0: 742, 15: 392, 9: 389, 5: 341, 4: 288, 8: 282, 14: 234, 10: 169, 1: 130, 3: 1})"
"(3,4)",mixed,0,13,"Counter({0: 742, 3: 347, 12: 298, 8: 282, 9: 263, 4: 224, 15: 216, 11: 178, 5: 170, 7: 145, 10: 62, 2: 40, 6: 1})"
"(3,4)",mixed,1,13,"Counter({0: 742, 3: 379, 5: 359, 10: 291, 6: 241, 2: 200, 7: 195, 8: 116, 14: 110, 4: 94, 15: 90, 1: 81, 9: 70})"
"(3,4)",mixed,2,14,"Counter({0: 742, 11: 353, 10: 252, 8: 231, 4: 222, 13: 194, 2: 177, 12: 159, 7: 131, 3: 118, 5: 108, 9: 102, 14: 94, 1: 85})"
"(3,4)",mixed,3,13,"Counter({0: 742, 2: 319, 5: 289, 9: 263, 10: 232, 4: 219, 3: 184, 11: 161, 8: 156, 14: 148, 15: 131, 1: 123, 6: 1})"
"(3,4)",mixed,4,15,"Counter({0: 742, 10: 278, 13: 237, 15: 204, 7: 202, 3: 200, 1: 179, 6: 170, 4: 161, 2: 160, 5: 118, 11: 102, 8: 89, 14: 80, 9: 46})"
"(3,4)",fine,0,13,"Counter({0: 742, 2: 351, 12: 303, 3: 224, 7: 203, 11: 187, 14: 184, 1: 165, 5: 161, 13: 159, 6: 138, 10: 99, 8: 52})"
"(3,4)",fine,1,12,"Counter({0: 743, 3: 302, 9: 275, 2: 241, 7: 237, 8: 218, 13: 214, 5: 211, 11: 204, 12: 146, 14: 108, 15: 69})"
"(3,4)",fine,2,15,"Counter({0: 742, 13: 288, 11: 223, 15: 206, 14: 167, 12: 164, 10: 157, 5: 153, 2: 147, 3: 146, 8: 143, 7: 130, 4: 105, 9: 105, 1: 92})"
"(3,4)",fine,3,16,"Counter({0: 742, 15: 291, 13: 243, 11: 199, 3: 186, 2: 182, 10: 171, 5: 164, 7: 156, 9: 137, 4: 98, 1: 98, 8: 88, 6: 84, 12: 72, 14: 57})"
"(3,4)",fine,4,15,"Counter({0: 742, 2: 324, 1: 250, 5: 223, 15: 194, 9: 188, 8: 163, 14: 146, 10: 144, 11: 127, 12: 123, 4: 122, 6: 90, 7: 85, 13: 47})"
"(3,8)",coarse,0,11,"Counter({0: 4364, 24: 1501, 11: 1482, 19: 1471, 15: 1452, 2: 1446, 4: 1381, 18: 1336, 1: 1255, 27: 1188, 3: 580})"
"(3,8)",coarse,1,17,"Counter({0: 4364, 25: 1924, 26: 1570, 16: 1429, 9: 1428, 19: 1364, 7: 1318, 6: 1260, 2: 790, 12: 524, 24: 516, 14: 489, 11: 357, 23: 69, 20: 29, 1: 16, 4: 9})"
"(3,8)",coarse,2,20,"Counter({0: 4364, 2: 1626, 24: 1194, 6: 1179, 14: 1173, 5: 907, 26: 867, 23: 861, 10: 839, 27: 639, 13: 600, 17: 595, 7: 546, 25: 471, 20: 416, 22: 333, 1: 324, 21: 248, 18: 154, 15: 120})"
"(3,8)",coarse,3,22,"Counter({0: 4364, 12: 1752, 7: 1717, 16: 1537, 1: 1390, 21: 1187, 3: 1125, 2: 981, 15: 910, 18: 584, 9: 549, 19: 323, 24: 274, 17: 215, 4: 205, 8: 91, 23: 88, 26: 74, 6: 54, 20: 34, 5: 1, 13: 1})"
"(3,8)",coarse,4,21,"Counter({0: 4364, 12: 1454, 1: 1443, 4: 1387, 25: 1386, 7: 1345, 16: 1292, 26: 1130, 20: 1113, 14: 572, 18: 565, 11: 435, 23: 296, 10: 233, 13: 217, 6: 95, 5: 93, 19: 30, 9: 4, 8: 1, 21: 1})"
"(3,8)",mixed,0,27,"Counter({0: 4364, 13: 1236, 5: 1165, 2: 1060, 22: 958, 25: 811, 14: 762, 7: 714, 24: 701, 27: 677, 15: 632, 8: 607, 6: 603, 23: 521, 11: 486, 9: 401, 4: 376, 10: 295, 16: 227, 3: 218, 21: 202, 19: 145, 17: 122, 1: 83, 20: 68, 18: 20, 26: 2})"
"(3,8)",mixed,1,26,"Counter({0: 4364, 12: 1550, 25: 1268, 23: 1210, 3: 1184, 13: 1030, 16: 998, 8: 610, 7: 585, 17: 570, 5: 566, 9: 407, 2: 394, 6: 378, 21: 374, 24: 370, 26: 276, 11: 248, 1: 233, 10: 229, 20: 222, 14: 178, 27: 146, 15: 51, 19: 9, 18: 6})"
"(3,8)",mixed,2,26,"Counter({0: 4364, 2: 1376, 20: 1288, 16: 1070, 6: 953, 5: 889, 4: 815, 7: 745, 18: 698, 10: 586, 25: 551, 19: 547, 21: 513, 23: 508, 22: 419, 24: 350, 8: 332, 15: 310, 17: 301, 11: 264, 27: 257, 1: 164, 12: 70, 14: 36, 9: 31, 3: 19})"
"(3,8)",mixed,3,27,"Counter({0: 4364, 13: 942, 26: 856, 22: 814, 1: 814, 15: 779, 11: 739, 7: 735, 24: 717, 17: 649, 4: 592, 20: 587, 2: 542, 9: 483, 5: 474, 8: 472, 6: 439, 3: 410, 10: 388, 18: 368, 12: 330, 16: 279, 19: 269, 25: 242, 27: 145, 14: 19, 23: 8})"
"(3,8)",mixed,4,28,"Counter({0: 4364, 6: 1426, 1: 1186, 10: 1041, 8: 981, 7: 809, 15: 748, 22: 586, 9: 553, 23: 502, 19: 477, 24: 473, 20: 470, 25: 454, 2: 451, 18: 437, 26: 341, 5: 339, 14: 291, 17: 254, 27: 223, 3: 219, 13: 213, 4: 163, 11: 144, 12: 113, 16: 100, 21: 98})"
"(3,8)",fine,0,28,"Counter({0: 4364, 13: 1205, 14: 1102, 21: 780, 24: 758, 18: 739, 4: 717, 11: 646, 16: 627, 15: 625, 5: 613, 23: 569, 20: 550, 9: 524, 3: 521, 25: 475, 19: 475, 8: 461, 10: 287, 26: 285, 6: 265, 22: 243, 7: 226, 1: 222, 2: 130, 12: 28, 17: 15, 27: 4})"
"(3,8)",fine,1,28,"Counter({0: 4364, 1: 1297, 20: 1268, 24: 954, 8: 839, 7: 678, 18: 631, 4: 586, 27: 570, 14: 557, 21: 526, 15: 474, 3: 473, 2: 440, 12: 420, 19: 388, 6: 347, 25: 319, 9: 311, 26: 301, 17: 299, 16: 257, 23: 252, 11: 227, 22: 198, 13: 191, 5: 187, 10: 102})"
"(3,8)",fine,2,28,"Counter({0: 4364, 4: 985, 10: 911, 6: 906, 23: 782, 7: 650, 5: 648, 22: 611, 21: 583, 2: 533, 18: 520, 3: 508, 8: 490, 25: 485, 27: 482, 13: 477, 11: 436, 17: 433, 19: 408, 16: 392, 9: 366, 20: 364, 24: 320, 12: 301, 15: 228, 26: 129, 14: 90, 1: 54})"
"(3,8)",fine,3,27,"Counter({0: 4364, 5: 1180, 3: 924, 12: 905, 13: 903, 25: 887, 10: 695, 22: 662, 21: 661, 18: 631, 6: 621, 24: 528, 14: 518, 1: 512, 7: 493, 4: 444, 11: 388, 2: 345, 27: 344, 15: 331, 17: 308, 20: 219, 9: 191, 8: 179, 26: 112, 23: 65, 19: 46})"
"(3,8)",fine,4,27,"Counter({0: 4364, 13: 1110, 1: 946, 14: 929, 19: 915, 23: 906, 3: 654, 17: 644, 9: 632, 15: 582, 25: 548, 7: 525, 27: 514, 16: 473, 26: 422, 6: 411, 2: 382, 10: 358, 12: 348, 24: 322, 4: 319, 18: 300, 11: 299, 21: 198, 22: 191, 20: 90, 5: 74})"
"(3,16)",coarse,0,33,"Counter({0: 29467, 7: 7743, 51: 7697, 35: 7046, 29: 6402, 50: 5559, 17: 4800, 33: 4736, 28: 4649, 14: 4535, 21: 4101, 1: 3870, 32: 3613, 38: 3105, 2: 3105, 39: 2960, 24: 2921, 27: 2525, 25: 1664, 23: 1454, 13: 1387, 5: 1020, 18: 845, 44: 713, 49: 457, 4: 447, 30: 363, 11: 231, 45: 210, 26: 171, 43: 51, 34: 20, 3: 1})"
"(3,16)",coarse,1,38,"Counter({0: 29467, 37: 8040, 47: 5189, 35: 5077, 48: 4286, 51: 4253, 13: 4174, 7: 4092, 36: 3923, 3: 3633, 34: 3362, 17: 3331, 24: 2988, 15: 2703, 12: 2608, 10: 2557, 42: 2418, 28: 2196, 2: 2090, 20: 2041, 4: 1881, 21: 1878, 45: 1846, 6: 1688, 19: 1616, 32: 1516, 23: 1384, 16: 1375, 33: 1365, 39: 1257, 9: 1238, 44: 766, 14: 705, 29: 546, 5: 240, 31: 97, 38: 41, 46: 1})"
"(3,16)",coarse,2,34,"Counter({0: 29467, 31: 10573, 35: 10370, 25: 8966, 37: 5755, 44: 5419, 51: 5358, 12: 5321, 2: 5221, 17: 4617, 10: 4395, 32: 2665, 27: 2363, 21: 2237, 15: 1945, 19: 1862, 9: 1655, 6: 1585, 1: 1108, 34: 1031, 33: 1003, 13: 988, 23: 773, 16: 696, 18: 689, 26: 622, 45: 572, 24: 388, 22: 72, 11: 72, 4: 32, 49: 30, 8: 15, 50: 3})"
"(3,16)",coarse,3,24,"Counter({0: 29467, 17: 11684, 48: 7973, 3: 6640, 36: 6590, 47: 5029, 5: 4965, 21: 4952, 42: 4786, 20: 4776, 16: 4715, 43: 4711, 4: 4611, 39: 4206, 31: 3563, 7: 3380, 30: 2451, 32: 1132, 45: 740, 13: 517, 11: 461, 38: 350, 18: 166, 51: 3})"
"(3,16)",coarse,4,35,"Counter({0: 29467, 26: 5641, 24: 5631, 44: 5284, 23: 5085, 47: 5069, 25: 4723, 46: 4589, 38: 4367, 13: 3994, 36: 3684, 19: 3273, 7: 3270, 37: 3265, 33: 3181, 8: 3150, 41: 2894, 17: 2401, 39: 2371, 1: 2333, 31: 2155, 2: 2023, 43: 1669, 32: 1629, 40: 1626, 30: 1177, 49: 1036, 18: 869, 34: 803, 20: 314, 48: 274, 21: 219, 5: 207, 11: 140, 14: 55})"
"(3,16)",mixed,0,52,"Counter({0: 29467, 32: 4722, 29: 4548, 43: 4445, 14: 4411, 9: 4397, 41: 4158, 31: 2955, 23: 2879, 37: 2876, 26: 2876, 7: 2809, 21: 2480, 18: 2320, 50: 2117, 4: 2075, 44: 2071, 20: 2033, 39: 2007, 25: 2000, 38: 1930, 49: 1866, 11: 1783, 13: 1660, 16: 1634, 34: 1618, 48: 1542, 35: 1505, 17: 1438, 8: 1402, 51: 1213, 12: 1115, 42: 1091, 40: 1088, 3: 1075, 2: 974, 28: 950, 1: 874, 19: 861, 24: 750, 5: 707, 45: 562, 46: 456, 22: 417, 33: 408, 15: 404, 36: 242, 47: 193, 30: 181, 6: 145, 10: 108, 27: 30})"
"(3,16)",mixed,1,49,"Counter({0: 29467, 32: 6313, 20: 4885, 12: 4694, 38: 4213, 24: 4081, 42: 3611, 49: 3280, 10: 3280, 9: 2956, 31: 2734, 35: 2669, 30: 2443, 1: 2398, 39: 2363, 41: 2010, 22: 2003, 44: 1961, 45: 1732, 16: 1657, 19: 1638, 5: 1537, 3: 1536, 36: 1529, 43: 1461, 37: 1450, 46: 1423, 14: 1343, 33: 1343, 34: 1294, 18: 1218, 48: 1212, 25: 1170, 29: 1148, 47: 1054, 11: 1051, 27: 1036, 2: 836, 40: 816, 15: 778, 50: 716, 23: 708, 6: 621, 13: 562, 4: 525, 8: 446, 21: 363, 7: 188, 17: 116})"
"(3,16)",mixed,2,51,"Counter({0: 29467, 29: 5890, 3: 4835, 33: 4268, 27: 4026, 7: 3666, 38: 3211, 5: 3162, 45: 3072, 21: 3011, 9: 2886, 16: 2839, 26: 2569, 25: 2527, 1: 2520, 20: 2257, 18: 2248, 37: 2247, 11: 2125, 35: 1948, 40: 1935, 41: 1696, 50: 1650, 28: 1458, 44: 1427, 49: 1352, 10: 1320, 51: 1238, 13: 1161, 47: 1102, 43: 1081, 48: 1078, 15: 1055, 2: 995, 8: 989, 24: 936, 30: 931, 14: 890, 46: 797, 32: 768, 17: 724, 6: 701, 42: 701, 23: 647, 12: 629, 31: 490, 36: 439, 34: 368, 22: 312, 4: 198, 39: 26})"
"(3,16)",mixed,3,52,"Counter({0: 29467, 28: 5863, 16: 3833, 2: 3783, 31: 3519, 13: 3038, 48: 2877, 8: 2875, 32: 2670, 49: 2540, 51: 2530, 47: 2499, 25: 2440, 35: 2412, 19: 2378, 5: 2277, 34: 2216, 29: 2207, 45: 2192, 36: 2139, 43: 2031, 4: 2025, 3: 1892, 21: 1892, 10: 1801, 42: 1689, 7: 1669, 40: 1580, 12: 1548, 38: 1369, 30: 1328, 14: 1216, 9: 1213, 39: 1166, 20: 1064, 1: 1062, 50: 1030, 46: 910, 33: 906, 23: 887, 17: 870, 22: 854, 18: 696, 44: 608, 41: 508, 11: 474, 26: 402, 27: 379, 24: 336, 15: 300, 6: 271, 37: 137})"
"(3,16)",mixed,4,52,"Counter({0: 29467, 34: 5707, 20: 4893, 38: 4743, 23: 4688, 2: 3871, 11: 3608, 43: 3177, 16: 2742, 47: 2525, 24: 2509, 19: 2448, 30: 2339, 21: 2274, 37: 2229, 3: 2224, 28: 2145, 36: 1972, 9: 1930, 50: 1895, 49: 1777, 51: 1661, 8: 1641, 5: 1637, 29: 1451, 33: 1343, 40: 1302, 10: 1273, 15: 1268, 45: 1236, 27: 1217, 18: 1140, 39: 1117, 25: 1116, 7: 1061, 12: 1017, 32: 981, 14: 942, 6: 834, 13: 832, 22: 819, 26: 795, 48: 735, 44: 734, 42: 603, 35: 561, 41: 353, 1: 349, 31: 315, 4: 175, 46: 129, 17: 68})"
"(3,16)",fine,0,50,"Counter({0: 29467, 19: 8189, 44: 5249, 20: 4361, 7: 4348, 29: 3481, 5: 3251, 47: 3093, 28: 2915, 10: 2851, 11: 2651, 31: 2352, 14: 2275, 40: 2253, 42: 2232, 22: 2215, 51: 2104, 15: 2041, 13: 1965, 8: 1801, 3: 1683, 1: 1681, 16: 1676, 34: 1632, 37: 1390, 24: 1376, 12: 1333, 46: 1302, 9: 1210, 17: 1200, 39: 1167, 41: 1130, 26: 1087, 2: 998, 49: 978, 30: 969, 4: 911, 6: 903, 43: 873, 23: 809, 45: 798, 50: 752, 27: 566, 21: 489, 32: 458, 33: 438, 48: 348, 25: 270, 36: 204, 38: 143})"
"(3,16)",fine,1,52,"Counter({0: 29467, 36: 7034, 40: 5081, 27: 3976, 19: 3278, 11: 3047, 35: 2949, 8: 2930, 31: 2869, 26: 2605, 18: 2593, 15: 2558, 13: 2523, 41: 2470, 49: 2347, 30: 2300, 50: 2219, 38: 2172, 12: 2161, 3: 2126, 5: 2107, 34: 2068, 33: 1991, 51: 1844, 37: 1474, 14: 1386, 22: 1384, 39: 1311, 44: 1270, 4: 1256, 24: 1253, 6: 1183, 32: 1107, 45: 1081, 28: 975, 2: 953, 20: 913, 25: 883, 16: 853, 10: 809, 1: 697, 21: 691, 7: 609, 17: 543, 29: 519, 48: 515, 9: 510, 43: 347, 42: 264, 46: 184, 47: 114, 23: 69})"
"(3,16)",fine,2,52,"Counter({0: 29467, 6: 5888, 26: 5319, 22: 4809, 23: 3682, 47: 2916, 48: 2824, 45: 2722, 16: 2633, 2: 2459, 11: 2444, 33: 2316, 8: 2233, 41: 2189, 32: 2102, 3: 2042, 46: 1891, 43: 1860, 42: 1835, 35: 1830, 5: 1760, 21: 1721, 30: 1690, 29: 1673, 18: 1618, 28: 1571, 38: 1521, 36: 1517, 40: 1450, 49: 1389, 34: 1315, 24: 1293, 37: 1282, 1: 1271, 25: 1181, 9: 1105, 12: 1091, 31: 993, 7: 961, 14: 953, 13: 941, 10: 928, 19: 876, 4: 728, 51: 710, 15: 615, 27: 608, 44: 553, 39: 420, 50: 304, 17: 283, 20: 86})"
"(3,16)",fine,3,51,"Counter({0: 29467, 9: 5129, 38: 4592, 19: 4508, 17: 4448, 1: 4400, 43: 4214, 18: 3972, 3: 3389, 47: 2696, 23: 2687, 48: 2668, 36: 2668, 15: 2471, 6: 2407, 34: 2268, 44: 2256, 12: 2159, 29: 2108, 45: 2099, 37: 1892, 2: 1793, 30: 1648, 22: 1603, 42: 1584, 13: 1456, 51: 1378, 35: 1368, 28: 1197, 27: 1181, 32: 1056, 4: 1000, 14: 995, 20: 830, 5: 815, 46: 789, 10: 788, 24: 718, 50: 667, 25: 634, 33: 576, 41: 558, 39: 485, 26: 398, 8: 350, 49: 329, 21: 319, 7: 300, 40: 266, 11: 255, 16: 34})"
"(3,16)",fine,4,50,"Counter({0: 29467, 19: 5181, 15: 4989, 25: 4018, 41: 3958, 35: 3535, 20: 3413, 29: 3259, 21: 3207, 13: 3047, 51: 3046, 43: 2897, 12: 2769, 28: 2644, 24: 2384, 36: 2321, 8: 2273, 23: 2122, 39: 2081, 18: 2079, 50: 2075, 46: 2048, 45: 1997, 4: 1919, 31: 1794, 7: 1571, 37: 1273, 34: 1197, 27: 1168, 10: 1165, 5: 1150, 42: 1112, 22: 1081, 1: 1061, 48: 952, 40: 928, 49: 803, 3: 758, 16: 719, 30: 559, 33: 551, 38: 548, 26: 532, 17: 461, 32: 459, 2: 424, 47: 404, 6: 183, 44: 163, 9: 123})"
"(4,4)",coarse,0,14,"Counter({0: 3742, 15: 2728, 9: 2197, 10: 2056, 11: 1984, 8: 1630, 14: 1306, 2: 797, 5: 691, 12: 652, 7: 493, 4: 288, 1: 143, 6: 3})"
"(4,4)",coarse,1,15,"Counter({0: 3742, 5: 3000, 9: 1839, 14: 1716, 7: 1541, 2: 1450, 10: 1375, 11: 1118, 13: 1082, 6: 1052, 15: 579, 8: 125, 12: 51, 4: 39, 1: 1})"
"(4,4)",coarse,2,15,"Counter({0: 3742, 6: 3144, 1: 2257, 8: 1893, 13: 1811, 14: 1668, 11: 1408, 15: 1133, 9: 503, 4: 484, 2: 335, 5: 323, 7: 6, 10: 2, 3: 1})"
"(4,4)",coarse,3,12,"Counter({0: 3743, 1: 2754, 10: 2588, 9: 2211, 4: 1986, 3: 1470, 7: 1402, 8: 1236, 2: 1016, 14: 147, 11: 119, 6: 38})"
"(4,4)",coarse,4,12,"Counter({0: 3742, 12: 2670, 13: 2504, 2: 2433, 3: 2308, 5: 1345, 11: 1248, 6: 984, 14: 756, 8: 370, 1: 349, 9: 1})"
"(4,4)",mixed,0,16,"Counter({0: 3742, 2: 1660, 12: 1594, 9: 1451, 10: 1273, 5: 1208, 15: 1092, 4: 1006, 6: 974, 11: 966, 8: 936, 13: 870, 1: 852, 7: 717, 3: 201, 14: 168})"
"(4,4)",mixed,1,16,"Counter({0: 3742, 10: 1634, 14: 1609, 3: 1510, 4: 1352, 5: 1259, 15: 1162, 9: 951, 13: 944, 6: 868, 8: 838, 12: 785, 11: 747, 7: 683, 2: 359, 1: 267})"
"(4,4)",mixed,2,16,"Counter({0: 3742, 14: 2102, 13: 1838, 1: 1464, 8: 1459, 4: 1094, 3: 1039, 10: 1024, 11: 936, 2: 913, 7: 852, 12: 583, 6: 558, 9: 545, 15: 324, 5: 237})"
"(4,4)",mixed,3,16,"Counter({0: 3742, 7: 1649, 3: 1625, 12: 1513, 5: 1492, 4: 1185, 11: 1141, 10: 1113, 8: 1090, 2: 808, 6: 808, 14: 749, 15: 663, 13: 595, 9: 343, 1: 194})"
"(4,4)",mixed,4,16,"Counter({0: 3742, 14: 1903, 4: 1655, 12: 1643, 13: 1558, 3: 1154, 10: 951, 1: 933, 9: 920, 11: 886, 6: 786, 5: 767, 7: 762, 2: 574, 15: 330, 8: 146})"
"(4,4)",fine,0,16,"Counter({0: 3742, 6: 2577, 9: 1649, 2: 1362, 5: 1004, 3: 1003, 4: 996, 12: 934, 13: 930, 10: 855, 14: 846, 11: 809, 15: 743, 7: 706, 8: 299, 1: 255})"
"(4,4)",fine,1,16,"Counter({0: 3742, 8: 2031, 13: 1697, 2: 1190, 14: 1165, 5: 1131, 6: 1027, 10: 968, 4: 919, 1: 835, 7: 833, 15: 786, 9: 747, 3: 732, 11: 553, 12: 354})"
"(4,4)",fine,2,16,"Counter({0: 3742, 3: 1728, 9: 1526, 2: 1470, 12: 1332, 4: 1127, 7: 1100, 6: 1069, 11: 1053, 5: 944, 8: 924, 13: 706, 1: 671, 15: 648, 14: 341, 10: 329})"
"(4,4)",fine,3,16,"Counter({0: 3742, 15: 1639, 13: 1594, 2: 1540, 5: 1527, 11: 1287, 4: 1075, 3: 1067, 1: 1039, 6: 959, 8: 754, 10: 670, 14: 655, 9: 561, 7: 432, 12: 169})"
"(4,4)",fine,4,16,"Counter({0: 3742, 5: 2336, 2: 1805, 14: 1394, 9: 1256, 15: 1199, 7: 1057, 3: 916, 6: 805, 10: 775, 11: 733, 13: 651, 12: 617, 1: 590, 4: 417, 8: 417})"
"(4,8)",coarse,0,26,"Counter({0: 39359, 10: 18963, 23: 14723, 8: 14512, 24: 14096, 12: 12776, 16: 12218, 22: 12164, 26: 11051, 9: 10005, 14: 6919, 15: 6491, 1: 5720, 6: 5693, 25: 4011, 19: 2397, 3: 1659, 27: 1169, 17: 1019, 7: 842, 11: 640, 21: 198, 13: 122, 2: 44, 20: 3, 5: 1})"
"(4,8)",coarse,1,26,"Counter({0: 39359, 3: 15937, 24: 14038, 8: 13220, 5: 12746, 9: 11839, 22: 10714, 2: 10434, 14: 10104, 20: 9832, 25: 9274, 16: 8630, 21: 8161, 15: 7682, 18: 6674, 10: 3146, 17: 1529, 6: 956, 13: 923, 19: 872, 1: 296, 7: 246, 4: 170, 11: 9, 12: 3, 27: 1})"
"(4,8)",coarse,2,26,"Counter({0: 39359, 4: 15828, 26: 14576, 21: 14459, 24: 12670, 10: 11763, 6: 11738, 7: 10396, 13: 10279, 17: 9798, 11: 8090, 23: 6389, 5: 6035, 19: 4972, 3: 4120, 18: 3456, 2: 3399, 12: 2817, 1: 2700, 16: 1521, 20: 1391, 8: 855, 14: 116, 25: 64, 27: 3, 15: 1})"
"(4,8)",coarse,3,23,"Counter({0: 39359, 7: 15198, 24: 14159, 5: 13408, 4: 12647, 10: 11028, 6: 10422, 23: 9481, 19: 9320, 18: 8684, 11: 8390, 2: 8381, 12: 8316, 3: 7770, 15: 6730, 16: 5279, 27: 5271, 21: 905, 20: 630, 25: 594, 1: 410, 9: 406, 22: 7})"
"(4,8)",coarse,4,27,"Counter({0: 39359, 19: 14898, 9: 12757, 6: 12574, 22: 11973, 16: 11398, 13: 10594, 8: 9795, 14: 9729, 11: 9112, 2: 8749, 10: 8240, 15: 7836, 7: 7770, 25: 7284, 18: 5613, 21: 3046, 23: 2113, 4: 1295, 26: 838, 12: 512, 20: 440, 24: 385, 17: 335, 5: 83, 27: 43, 1: 24})"
"(4,8)",mixed,0,27,"Counter({0: 39359, 12: 22503, 19: 13824, 24: 12994, 14: 10024, 5: 9030, 27: 8379, 23: 8286, 18: 8150, 9: 7720, 21: 7100, 1: 5594, 15: 5081, 22: 4463, 10: 4417, 11: 4299, 2: 4264, 16: 4223, 3: 4211, 4: 3750, 13: 3407, 8: 2612, 20: 1617, 26: 778, 6: 337, 25: 295, 17: 78})"
"(4,8)",mixed,1,28,"Counter({0: 39359, 22: 24387, 2: 14815, 20: 11965, 9: 11633, 6: 11462, 12: 11162, 4: 10438, 5: 8587, 3: 5008, 26: 4969, 18: 4390, 19: 4325, 25: 3701, 21: 3521, 14: 3313, 27: 3232, 10: 3092, 1: 2810, 11: 2714, 17: 2430, 15: 2412, 16: 2109, 8: 1483, 7: 1303, 24: 1116, 23: 538, 13: 521})"
"(4,8)",mixed,2,28,"Counter({0: 39359, 24: 12113, 16: 10101, 6: 10020, 7: 9754, 5: 8880, 15: 7759, 2: 7342, 18: 6308, 9: 6044, 25: 5982, 12: 5926, 26: 5198, 19: 5110, 22: 4824, 1: 4609, 23: 4552, 14: 4424, 4: 4384, 8: 4347, 17: 4343, 3: 4249, 10: 4240, 11: 3874, 20: 3797, 21: 3767, 27: 3590, 13: 1899})"
"(4,8)",mixed,3,28,"Counter({0: 39359, 11: 22027, 12: 18598, 13: 18460, 9: 15298, 25: 13097, 10: 8583, 2: 6939, 17: 6936, 16: 4604, 26: 4335, 20: 4238, 7: 4086, 6: 3992, 15: 3154, 4: 3154, 1: 2796, 3: 2776, 24: 2495, 18: 2415, 27: 1974, 5: 1915, 21: 1529, 8: 1060, 14: 1028, 22: 726, 19: 647, 23: 574})"
"(4,8)",mixed,4,27,"Counter({0: 39359, 19: 20809, 15: 13383, 6: 13169, 5: 11744, 1: 10310, 4: 9096, 11: 7686, 7: 7178, 25: 6717, 24: 6205, 22: 6114, 26: 5840, 13: 5540, 8: 4602, 23: 4523, 21: 3997, 16: 3738, 18: 3438, 10: 2827, 14: 2745, 27: 2651, 20: 1656, 9: 1620, 17: 1537, 3: 254, 12: 57})"
"(4,8)",fine,0,28,"Counter({0: 39359, 15: 18708, 11: 15838, 13: 11180, 9: 9469, 27: 8959, 8: 8060, 7: 7794, 21: 7614, 25: 6960, 1: 6773, 10: 6743, 17: 6351, 20: 5415, 19: 5064, 23: 4669, 12: 4162, 5: 4144, 22: 3417, 2: 3098, 3: 2783, 26: 2573, 18: 1998, 14: 1823, 24: 1632, 16: 879, 6: 705, 4: 625})"
"(4,8)",fine,1,28,"Counter({0: 39359, 1: 19325, 16: 18991, 3: 13152, 8: 12804, 20: 10692, 18: 8424, 12: 8329, 14: 5619, 26: 4972, 6: 4780, 23: 4772, 7: 4587, 9: 4260, 17: 4129, 2: 4125, 24: 3910, 15: 3839, 4: 3391, 22: 3198, 11: 3155, 5: 2171, 25: 2078, 13: 1851, 27: 1761, 21: 1740, 19: 753, 10: 628})"
"(4,8)",fine,2,28,"Counter({0: 39359, 16: 12019, 22: 11488, 27: 10778, 13: 10563, 26: 9867, 25: 8534, 24: 8183, 23: 6889, 12: 6296, 4: 5916, 10: 5830, 17: 5777, 9: 5620, 20: 5156, 7: 4876, 5: 4475, 2: 4313, 19: 4238, 3: 4204, 6: 4031, 21: 4012, 1: 3841, 14: 3544, 15: 2594, 11: 1911, 18: 1373, 8: 1108})"
"(4,8)",fine,3,28,"Counter({0: 39359, 12: 15611, 15: 14745, 27: 13040, 5: 8807, 20: 8115, 24: 7822, 4: 7175, 13: 7049, 19: 6506, 1: 6464, 22: 6286, 7: 6105, 2: 5488, 10: 4753, 14: 4418, 3: 4316, 23: 4028, 25: 3702, 17: 3675, 21: 3625, 16: 3518, 9: 2705, 6: 2657, 11: 2337, 18: 2138, 8: 1407, 26: 944})"
"(4,8)",fine,4,26,"Counter({0: 39359, 15: 19946, 9: 19899, 21: 10609, 24: 10451, 26: 9861, 1: 7833, 3: 6730, 18: 6654, 25: 6601, 6: 6492, 14: 6385, 13: 5737, 22: 5295, 16: 5103, 12: 5001, 20: 4785, 27: 4504, 17: 4136, 11: 3516, 8: 2972, 2: 1723, 19: 1450, 10: 1437, 4: 309, 23: 7})"
"(5,4)",coarse,0,16,"Counter({0: 18742, 12: 14412, 13: 9776, 9: 9646, 15: 9472, 10: 9389, 3: 7860, 11: 7465, 8: 7077, 14: 6027, 2: 5815, 5: 4353, 7: 963, 4: 892, 1: 417, 6: 146})"
"(5,4)",coarse,1,16,"Counter({0: 18742, 15: 14442, 7: 11723, 14: 11460, 6: 11392, 11: 11227, 3: 9560, 4: 8759, 10: 6344, 12: 3996, 8: 1440, 9: 1301, 13: 860, 5: 733, 2: 450, 1: 23})"
"(5,4)",coarse,2,16,"Counter({0: 18742, 6: 11990, 1: 11072, 14: 10671, 12: 10182, 7: 8994, 10: 7537, 13: 7405, 5: 6870, 8: 5186, 3: 5078, 4: 4280, 2: 3615, 11: 384, 15: 314, 9: 132})"
"(5,4)",coarse,3,16,"Counter({0: 18742, 8: 12446, 12: 10973, 4: 10802, 13: 9310, 10: 9101, 5: 8310, 9: 7167, 6: 6520, 15: 6503, 2: 5505, 7: 3945, 1: 1534, 14: 885, 3: 536, 11: 173})"
"(5,4)",coarse,4,16,"Counter({0: 18742, 2: 14747, 3: 13859, 7: 13006, 1: 9883, 9: 8449, 10: 8160, 15: 7241, 11: 5328, 12: 3527, 13: 2749, 4: 2509, 6: 1975, 14: 1326, 8: 920, 5: 31})"
"(5,4)",mixed,0,16,"Counter({0: 18742, 9: 13520, 3: 10798, 4: 9930, 1: 9173, 15: 8664, 7: 8220, 8: 4977, 10: 4145, 6: 3726, 5: 3650, 13: 3646, 2: 3644, 11: 3624, 14: 3519, 12: 2474})"
"(5,4)",mixed,1,16,"Counter({0: 18742, 3: 14871, 6: 13601, 7: 12036, 11: 6766, 4: 5391, 10: 5110, 12: 4613, 5: 4494, 2: 4262, 1: 4110, 14: 4030, 9: 4022, 15: 3779, 13: 3627, 8: 2998})"
"(5,4)",mixed,2,16,"Counter({0: 18742, 4: 15406, 13: 15127, 10: 12213, 14: 11197, 9: 10010, 6: 7023, 1: 3612, 8: 3419, 2: 3376, 15: 3298, 12: 2620, 5: 2596, 11: 1568, 3: 1479, 7: 766})"
"(5,4)",mixed,3,16,"Counter({0: 18742, 10: 18506, 4: 11157, 7: 9630, 15: 8392, 8: 7939, 1: 7349, 2: 7276, 12: 4484, 6: 4409, 11: 4048, 3: 3097, 9: 2685, 5: 2147, 14: 1833, 13: 758})"
"(5,4)",mixed,4,16,"Counter({0: 18742, 6: 12723, 1: 12481, 14: 10671, 8: 9246, 9: 8163, 15: 7438, 11: 7391, 10: 6296, 7: 3958, 3: 3788, 4: 3628, 5: 2658, 2: 2421, 13: 2237, 12: 611})"
"(5,4)",fine,0,16,"Counter({0: 18742, 15: 17942, 5: 14368, 11: 13010, 12: 6851, 4: 6547, 8: 6291, 9: 6205, 1: 4057, 7: 3857, 6: 3746, 3: 3241, 14: 3046, 13: 2813, 2: 929, 10: 807})"
"(5,4)",fine,1,16,"Counter({0: 18742, 2: 12071, 8: 9519, 4: 8860, 9: 8771, 10: 8393, 14: 7505, 15: 6705, 7: 5185, 12: 4724, 1: 4606, 6: 4342, 5: 3635, 11: 3575, 3: 3470, 13: 2349})"
"(5,4)",fine,2,16,"Counter({0: 18742, 4: 13127, 1: 9972, 11: 8421, 6: 8256, 2: 7222, 7: 6792, 9: 6141, 15: 5898, 3: 5580, 12: 5092, 5: 4443, 8: 4322, 10: 3894, 13: 3329, 14: 1221})"
"(5,4)",fine,3,16,"Counter({0: 18742, 14: 11891, 1: 11523, 5: 8317, 2: 7909, 9: 7837, 4: 7596, 8: 7176, 15: 7108, 3: 5955, 10: 5504, 6: 3691, 12: 2956, 7: 2805, 13: 1815, 11: 1627})"
"(5,4)",fine,4,16,"Counter({0: 18742, 4: 15802, 6: 8442, 8: 7137, 12: 7064, 3: 6949, 5: 6683, 9: 6555, 15: 6216, 2: 6197, 10: 5699, 7: 5169, 11: 4122, 1: 3625, 14: 2082, 13: 1968})"
